เดือน,เป้าหมายยอดขาย (บาท),รายรับจริง (บาท),รายจ่ายดำเนินงาน (บาท),ค่าเช่าจ่ายจริง (บาท),ค่าเช่าเฉลี่ยต่อเดือน (บาท),กำไร/ขาดทุนสุทธิ (บาท),อัตรากำไร (%),หมายเหตุ
มีนาคม 2569,30000,22454,23083,0,0,-629,-2.8%,"ยอดถึงวันที่ 29 ได้ 20,839 บ. / สิ้นเดือนรวม 22,454 บ."
เมษายน 2569,30000,24236,19992,10000,3333.33,910.67,3.8%,"ขายถึงวันที่ 23 (21 วันขาย) จ่ายค่าเช่ารอบ 3 เดือน 10,000 บ. (เฉลี่ย 3,333.33 บ./ด.)"
พฤษภาคม 2569,30000,31466,31161,0,0,305,1.0%,"ยอดขายทะลุเป้า 30,000 บ. กำไรสุทธิ +305 บ."
มิถุนายน 2569,30000,28368,27442,3336,3336,-2410,-8.5%,"ลงค่าเช่าตัดรอบ 3,336 บ. ในวันที่ 1 รวมรายจ่าย 30,778 บ."
กรกฎาคม 2569,30000,34810,31351,10000,3333.33,125.67,0.4%,"จ่ายค่าเช่ารอบใหม่ 3 เดือน 10,000 บ. (เฉลี่ย 3,333.33 บ./ด.) ทะลุเป้า"
สิงหาคม 2569,40000,38655,36776,0,0,1879,4.9%,"ตั้งเป้าใหม่ 40,000 บ. ยอดขายสูงสุดเป็นประวัติการณ์ 38,655 บ. กำไร +1,879 บ."
กันยายน 2569 (30 วัน),40000,36620,34925,0,3333.33,-1638.33,-4.47%,"ข้อมูลปิดสิ้นเดือน 30 วัน วันที่ 30 ยอดขาย 1,000 บ. จ่าย 640 บ. กำไรหน้าร้าน +360 บ. กำไรดำเนินงานสะสมปิดเดือนแตะ +1,695 บ. 🚀 ยอดสะสมแตะ 3.66 หมื่น (36,620 บ.) หักค่าเช่าเฉลี่ย 3,333.33 บ./ด."
ตุลาคม 2569 (5 วัน),40000,5755,3546,0,537.63,1671.37,29.04%,"บันทึก 5 วัน ยอด 5,755 บ. จ่าย 3,546 บ. กำไรหน้าร้าน +2,209 บ. 🚀 (หักเช่าเฉลี่ย 5 วัน 537.63 บ. สุทธิ +1,671.37 บ.)"
รวม 8 เดือน (มี.ค. - ต.ค. 69),-,216988,207586,23336,13874,-4472,-2.06%,"ยอดขายสะสมทะลุ 216,988 บ. เติบโตต่อเนื่อง (+85.3% จากเดือนแรก)"
